{
"12 News Now KBMT" : "center",
"12News" : "center",
"1819 News" : "right-center",
"27 East" : "center",
"4029 News" : "center",
"538 (ABC News)" : "center",
"9 & 10 News" : "center",
"A Project for America" : "center",
"AARP" : "center",
"ABC 11 WTVD" : "center",
"ABC 12" : "center",
"ABC 13 WTVG" : "center",
"ABC 15 Arizona" : "center",
"ABC 16 WAPT" : "center",
"ABC 25 KXXV" : "center",
"ABC 27 WHTM" : "center",
"ABC 27 WKOW" : "center",
"ABC 4 WTAE" : "center",
"ABC 47 WMDT" : "center",
"ABC 5 NEWS" : "center",
"ABC 57" : "center",
"ABC 6" : "center",
"ABC 6 KAAL" : "center",
"ABC 6 WPVI" : "center",
"ABC 7 Chicago" : "center",
"ABC 7 KETV" : "center",
"ABC 7 KVIA" : "center",
"ABC 7 New York" : "center",
"ABC 7 WXYZ" : "center",
"ABC 8 KLKN" : "center",
"ABC 8 WRIC" : "center",
"ABC 9 WMUR" : "center",
"ABC News (Online)" : "left-center",
"ABC News 10 Vermont" : "center",
"ABC13 Houston" : "center",
"ABC4 Utah" : "center",
"ACLU" : "left-center",
"AJ+" : "left",
"AL.com" : "center",
"AZ Central" : "center",
"Aberdeen News" : "center",
"Above The Law" : "left-center",
"Abridge News" : "allsides",
"Accuracy in Media" : "right",
"Action News Jax" : "center",
"Addison County Independent" : "center",
"Adventist Today" : "left-center",
"Advocate" : "left-center",
"AframNews" : "left",
"African American Conservatives" : "right",
"African American Intellectual History Society" : "left",
"Afro" : "left",
"Aiken Standard" : "center",
"Akron Beacon Journal" : "center",
"Al Jazeera" : "left-center",
"Alabama News Center" : "center",
"Alabama News Network" : "center",
"Alabama Political Reporter" : "left-center",
"Alamosa News" : "center",
"Alaska Beacon" : "center",
"Alaska Commons" : "center",
"Alaska Native News" : "center",
"Alaska Public Media" : "center",
"Alaska Watchman" : "right",
"Alaska's News Source KTUU/KYES" : "center",
"Albany Democrat-Herald" : "center",
"Albert Lea Tribune" : "center",
"Albuquerque Journal" : "center",
"All About Arizona News" : "center",
"AllSides" : "allsides",
"Alleghany News" : "center",
"Alpha News" : "right",
"AlterNet" : "left",
"Amarillo Globe-News" : "center",
"America's 1st Freedom" : "right-center",
"American Conservation Coalition" : "right-center",
"American Conservative Union" : "right",
"American Enterprise Institute" : "right-center",
"American Greatness" : "right",
"American Press" : "left-center",
"American Thinker" : "right",
"American Values Coalition" : "center",
"Americans for Democratic Action" : "left",
"Americans for Tax Reform" : "right",
"Amnesty International" : "left-center",
"Anchorage Daily News" : "center",
"Anchorage Press" : "center",
"Anderson Independent-Mail" : "center",
"Apple News" : "left-center",
"Aquinas College Saint" : "left",
"Arc Digital" : "center",
"Argus Leader" : "center",
"Arizona Daily Star: tucson.com" : "center",
"Arizona Mirror" : "center",
"Arizona's Family" : "center",
"Ark Valley Voice" : "center",
"Arkansas Business" : "center",
"Arkansas Democrat-Gazette" : "left",
"Arkansas Times" : "left",
"Ars Technica" : "center",
"Asbury Park Press" : "center",
"Associated Press" : "left-center",
"Associated Press Fact Check" : "left-center",
"Association for Psychological Science" : "center",
"Atlanta Black Star" : "left-center",
"Atlanta Journal-Constitution" : "left-center",
"Atlas Network" : "right",
"AtlasOne" : "right-center",
"Attitude Magazine" : "left-center",
"Augusta Free Press" : "left-center",
"Austin American-Statesman" : "left-center",
"Austin Daily Herald" : "center",
"Avenue News" : "center",
"Avoyelles Journal" : "center",
"Axios" : "left-center",
"BBC News" : "center",
"BET" : "left-center",
"Babylon Bee (Humor)" : "right-center",
"Baltimore Sun" : "center",
"Bangor Daily News" : "left-center",
"Baptist News Global" : "left-center",
"Baptist Press" : "center",
"Baptist Standard" : "center",
"Barnstable Patriot" : "center",
"Barron's" : "center",
"Bartlesville Examiner-Enterprise" : "center",
"Bay to Bay News" : "center",
"Bearing Drift" : "right",
"Beaumont Enterprise" : "center",
"Beaver County Times" : "center",
"Belleville News-Democrat" : "center",
"Bergen Record (northjersey.com)" : "left-center",
"Better Government Association" : "center",
"Beyond Today" : "right",
"Biblical Gender Roles" : "right",
"Biblical Sexology" : "right",
"Big Island Now News" : "center",
"Billings Gazette" : "center",
"Bing News" : "left-center",
"Bipartisan Policy Center" : "center",
"Birmingham Live" : "center",
"Bizpac Review" : "right",
"Black Agenda Report" : "left",
"Black Community News" : "right",
"Black Enterprise" : "left-center",
"Black News" : "left",
"Black News Channel" : "left-center",
"Blavity" : "left",
"Block Club Chicago" : "left",
"Bloomberg" : "left-center",
"Blue Virginia" : "left",
"Bluefield Daily Telegraph" : "center",
"Bluffton Icon" : "center",
"Boing Boing" : "left",
"Boise State Public Radio" : "center",
"Boise dev" : "center",
"Bolts" : "left",
"Bonner County Daily Bee" : "center",
"Border Report" : "center",
"Boston 25 News" : "center",
"Boston Herald" : "right-center",
"Boston Review" : "left-center",
"Boston.com" : "center",
"Bowling Green Daily News" : "left-center",
"Box Elder News Journal" : "center",
"Bozeman Daily Chronicle" : "center",
"Braver Angels" : "allsides",
"Breitbart News" : "right",
"Brennan Center for Justice" : "left-center",
"Bridge Alliance" : "left-center",
"Bridgemi.com" : "center",
"Bridging Divides Initiative" : "center",
"Brookings Institution" : "center",
"Brown Girl Magazine" : "left",
"Brownstone Institute" : "right",
"Brush News-Tribune" : "center",
"Burlington County Times" : "center",
"Burlington Free Press" : "center",
"Business Insider" : "left-center",
"Business View Caribbean" : "center",
"Bustle" : "left-center",
"Butler Radio" : "center",
"BuzzFeed News" : "left",
"Byron Donalds" : "right-center",
"C-SPAN" : "center",
"CBC News" : "left-center",
"CBN" : "right",
"CBS 17" : "center",
"CBS News" : "left-center",
"CBS" : "left-center",
"CBS 3 WWMT" : "left-center",
"CBS 4 KDBC" : "center",
"CBS 58" : "center",
"CBS 7 Midland" : "center",
"CBS Austin KEYE" : "center",
"CBS News (Online)" : "left-center",
"CHS Capitol Hill Seattle News" : "center",
"CN2 News" : "center",
"CNBC" : "center",
"CNET" : "center",
"CNN (Opinion)" : "left",
"CNN" : "left",
"CNN Business" : "left-center",
"CNN Digital" : "left-center",
"CNSNews.com" : "right",
"CT Mirror" : "center",
"CT News Junkie" : "left-center",
"CU Independent" : "center",
"CalMatters" : "center",
"CalWatchdog" : "center",
"California 18" : "center",
"California Examiner" : "center",
"California Globe" : "center",
"Cape Cod Times" : "center",
"Cape Gazette" : "center",
"Capecod.com" : "center",
"Capital & Main" : "left-center",
"Capital Gazette" : "center",
"Capital Research Center" : "right-center",
"Capitol Beat" : "center",
"Capitol Weekly" : "center",
"Cardinal News" : "center",
"Care2" : "left",
"Carlsbad Current-Argus" : "center",
"Carnegie Endowment for International Peace" : "center",
"Carriage Towne News" : "center",
"Casper Star-Tribune" : "center",
"Catholic Digest" : "right-center",
"Catholic News Agency" : "right",
"Catholic News Service" : "center",
"Cato Institute" : "right-center",
"Cecil Whig" : "center",
"Center For American Progress" : "left-center",
"Center Post Dispatch" : "center",
"Center for Countering Digital Hate" : "left",
"Center for Media & Democracy PR Watch" : "left-center",
"Center for Public Integrity" : "left-center",
"Center for Strategic and Budgetary Assessments" : "right-center",
"Center on Budget and Policy Priorities" : "left",
"Central Jersey News" : "center",
"Central Maine Morning Sentinel" : "center",
"Central News Channel Nebraska" : "center",
"Centre View" : "left-center",
"Cerritos Community News" : "left-center",
"Chalkbeat" : "center",
"Chalkbeat Chicago" : "center",
"Channel 3000" : "center",
"Channel 4 News (UK)" : "left-center",
"Charisma Magazine" : "right",
"Charleston City Paper" : "center",
"Chattanooga Times Free Press" : "center",
"Chicago Crusader" : "left",
"Chicago Defender" : "left",
"Chicago Sun-Times" : "left-center",
"Chicago Tribune" : "center",
"Children’s Defense Fund" : "left",
"Christian Coalition of America" : "right-center",
"Christian Headlines" : "center",
"Christian News Network" : "right",
"Christian News Now" : "right-center",
"Christian Science Monitor" : "center",
"Christianity Today" : "center",
"Church Militant" : "right",
"ChurchLeaders.com" : "center",
"Cincinnati Enquirer" : "center",
"Citizen Tribune" : "center",
"City Journal" : "right",
"Civic Genius" : "center",
"Civic Health Project" : "center",
"Civil Squared" : "left-center",
"CivilPolitics.org" : "center",
"Clarksdale Press Register" : "center",
"Cleveland Plain Dealer" : "center",
"Click 2 Houston KPRC" : "center",
"Click Orlando" : "center",
"Clinton Herald" : "center",
"Cody Enterprise" : "center",
"Coffee Party USA" : "center",
"CoinDesk" : "center",
"Colorado Newsline" : "center",
"Colorado Politics" : "center",
"Colorado Springs Gazette" : "center",
"Colorado Times Recorder" : "left-center",
"Columbia Basin Herald" : "center",
"Columbia Daily Tribune" : "center",
"Columbia Journalism Review" : "center",
"Columbia Missourian" : "center",
"Commentary Magazine" : "right",
"Commerce City Sentinel Express" : "center",
"Committee to Protect Journalists" : "center",
"Common Dreams" : "left",
"Common Ground Committee" : "center",
"Complex" : "center",
"Concord Monitor" : "center",
"Connecticut Post" : "center",
"Connecticut Public" : "center",
"Conservative HQ" : "right",
"Cook Report" : "center",
"Copperas Cove Leader Press" : "center",
"Corsicana Daily Sun" : "center",
"Corvallis Gazette-Times" : "center",
"Council on Foreign Relations" : "left",
"Counter Currents" : "left-center",
"Courier-Post" : "center",
"Covering Katy News" : "center",
"Cowboy State Daily" : "right-center",
"Crossroads Today" : "center",
"CrowdPAC" : "center",
"Crunchbase News" : "center",
"Culture Map Dallas" : "center",
"Cumberland Times-News" : "center",
"Current Affairs" : "left",
"Current Publishing" : "center",
"DCist" : "center",
"Daily Beast" : "left",
"Daily Breeze" : "center",
"Daily Cardinal" : "center",
"Daily Chela" : "left",
"Daily Citizen" : "right",
"Daily Corinthian" : "center",
"Daily Hampshire Gazette" : "left-center",
"Daily Herald Extra" : "center",
"Daily Journal" : "center",
"Daily Journal Indiana" : "center",
"Daily Kos" : "left",
"Daily Mail" : "right",
"Daily Memphian" : "center",
"Daily Montanan" : "center",
"Daily News-Record" : "center",
"Daily Norseman" : "center",
"Daily Northwestern" : "left-center",
"Daily Press" : "right-center",
"Daily Progress" : "center",
"Daily Record" : "left",
"Daily Targum" : "left-center",
"DailyTrib.com" : "center",
"Dakota Free Press" : "center",
"Dakota News Now" : "center",
"Data for Progress" : "left",
"Dayton Daily News" : "center",
"DeSmog" : "left-center",
"Deadline" : "center",
"Defense News" : "center",
"Defense One" : "center",
"Delaware Business Times" : "center",
"Delaware Live News" : "center",
"Delaware Online" : "center",
"Delaware Public Media" : "center",
"Delaware State News" : "center",
"Delaware Today" : "center",
"Delta Democrat Times" : "center",
"Democracy Now!" : "left",
"Democrat and Chronicle" : "center",
"Democratic Party" : "left-center",
"Denton Record-Chronicle" : "center",
"Derry News" : "center",
"Des Moines Register" : "center",
"Deseret News" : "center",
"Desiring God" : "right-center",
"Detroit Free Press" : "left-center",
"Detroit Lakes Tribune" : "center",
"Detroit News" : "center",
"Deutsche Welle" : "center",
"Diplomatic Courier" : "center",
"Divided We Fall" : "allsides",
"Drudge Report" : "center",
"Duke Chronicle" : "center",
"ESPN.com" : "left-center",
"East Bay Times" : "left-center",
"East Idaho News" : "center",
"East Oregonian" : "center",
"East Texas Radio" : "center",
"East Village Magazine" : "center",
"Ebony" : "left",
"Economic Policy Institute" : "left",
"EdVotes.org" : "left",
"Eden Prairie Local News" : "center",
"Education Week" : "center",
"El Nuevo Dia" : "center",
"El Paso Matters" : "center",
"El Paso Times" : "center",
"Elle Magazine" : "left-center",
"Emporia Gazette" : "center",
"Environmental Defense Fund" : "left-center",
"Erie Gay News" : "left-center",
"Erie News Now WICU/WSEE" : "center",
"Erraticus" : "center",
"Esquire" : "left",
"Estes Park Trail Gazette" : "center",
"Eurek Alert" : "center",
"Euronews" : "center",
"Evansville Courier & Press" : "center",
"Everett Herald" : "center",
"Evie Magazine" : "right-center",
"FAIR" : "left-center",
"FEE.org" : "right-center",
"FFX Now" : "center",
"FOX 10 Phoenix" : "center",
"FOX 13 Salt Lake City" : "center",
"FOX 2 Detroit" : "center",
"FOX 23 Maine" : "center",
"FOX 25 KOKH" : "center",
"FOX 43 WPMT" : "center",
"FOX 5 KVVU" : "center",
"FOX Carolina WHNS" : "center",
"Fairbanks News Miner" : "center",
"Fairmont Sentinel" : "center",
"Falls Church News - Press" : "left",
"Family Research Council" : "right-center",
"Fast Company" : "left-center",
"Fayetteville Flyer" : "center",
"Federation of American Scientists" : "left-center",
"Financial Times" : "center",
"First Coast News" : "center",
"Fiscal Times" : "right-center",
"Florida Daily" : "center",
"Florida Insider" : "center",
"Florida Politics" : "center",
"Florida Times-Union" : "center",
"Florida Today" : "center",
"Florida's Voice" : "right",
"Floyd County Chronicle & Times" : "center",
"Food Democracy Now" : "left-center",
"Forbes" : "center",
"Foreign Affairs" : "center",
"Foreign Policy" : "center",
"Fort Bend Star" : "center",
"Fort Worth Business Press" : "center",
"Fort Worth Report" : "center",
"Fort Worth Star-Telegram" : "center",
"Fortune" : "center",
"Forward" : "center",
"Foundation Against Intolerance and Racism" : "center",
"Fox 13 Seattle" : "center",
"Fox 17 West Michigan" : "center",
"Fox 28 WTTE" : "center",
"Fox 29 KABB" : "center",
"Fox 29 Philadelphia" : "center",
"Fox 4 Kansas City" : "center",
"Fox 42 KPTM" : "center",
"Fox 5 Atlanta" : "center",
"Fox 5 DC" : "center",
"Fox 56 WDKY" : "center",
"Fox 59" : "center",
"Fox 6 WBRC" : "center",
"Fox Business" : "right-center",
"Fox Nebraska KFXL" : "center",
"Fox News (Opinion)" : "right",
"Fox News" : "right",
"Fox News Digital" : "right",
"Fox News Latino" : "right",
"Fox16" : "center",
"Fox21" : "center",
"Fox9" : "center",
"Franklin Favorite" : "center",
"Freakonomics" : "center",
"Frederick News-Post" : "center",
"Free Press" : "left",
"FrontPage Magazine" : "right",
"GB News" : "right-center",
"GLAAD" : "left",
"GOP.gov" : "right",
"GQ.com" : "left-center",
"Gainesville Daily Register" : "center",
"Gainesville Sun" : "center",
"Gallatin News" : "center",
"Galveston County The Daily News" : "center",
"Gay City News" : "left-center",
"Gay Times" : "left-center",
"GayBuzzer" : "center",
"GayNewsToday" : "left",
"GayStarNews" : "left",
"Gell" : "allsides",
"Georgia Asian Times" : "center",
"Georgia Law News" : "center",
"Georgia Recorder" : "center",
"Georgia Voice" : "left",
"Gigafact" : "center",
"Gillette News Record" : "center",
"Gizmodo" : "left-center",
"Glenn Greenwald" : "center",
"Global Disinformation Index" : "left",
"Global News" : "left-center",
"GoLocal Providence" : "center",
"Good Faith Media" : "left-center",
"Good News Magazine" : "right-center",
"Google News" : "left-center",
"Gothamist" : "center",
"Grand Forks Herald" : "center",
"Green Bay Press-Gazette" : "center",
"Greenfield Daily Reporter" : "center",
"Greenwich Time" : "center",
"Grid" : "left-center",
"Grist" : "left-center",
"Ground News" : "allsides",
"HNG News" : "center",
"Haaretz" : "left-center",
"Hampton Roads Messenger" : "center",
"Harlan Enterprise" : "center",
"Harrison Daily Times" : "center",
"Hartford Business Journal" : "left-center",
"Hartford Courant" : "center",
"Harvard Business School" : "left-center",
"Hastings Tribune" : "center",
"Hattiesburg American" : "center",
"Hawaii News Now" : "center",
"Hawaii News Online" : "center",
"Hawaii Public Radio" : "center",
"Hawaii Tribune-Herald" : "center",
"Hays Free Press" : "center",
"Healthcare.gov" : "left-center",
"Heart of the Rockies Radio" : "center",
"Heavy.com" : "center",
"Hendricks County Business Leader" : "center",
"Herald & Review" : "center",
"Herald Democrat" : "left",
"Herald-Dispatch" : "left-center",
"Herald-Tribune" : "left-center",
"Heterodox Academy" : "center",
"High Point Enterprise" : "center",
"High Times" : "left-center",
"Hill Country Community Journal" : "center",
"Hindustan Times" : "center",
"Hingham Anchor" : "center",
"Hip Latina" : "left",
"Hobbs News-Sun" : "center",
"Home News Here" : "center",
"Homeland Security Today" : "left-center",
"Homer News" : "center",
"Honolulu Civil Beat" : "center",
"Honolulu Star-Advertiser" : "center",
"Hot Springs Sentinel-Record" : "center",
"HotAir" : "right-center",
"Houston Chronicle" : "center",
"Houston Public Media" : "center",
"HuffPost" : "left",
"Human Events" : "right-center",
"Human Rights Campaign" : "left",
"Hungarian Conservative" : "right-center",
"ITV" : "center",
"IVN" : "center",
"Idaho Press" : "center",
"Idaho State Journal" : "center",
"Idaho Statesman" : "center",
"Ideastream Public Media" : "left-center",
"Illinois Newsroom" : "left-center",
"In Depth NH" : "center",
"In This Together" : "center",
"InMenlo" : "center",
"Inacow" : "right",
"IncentFit" : "center",
"Independent Institute" : "right-center",
"Independent Journal Review" : "right",
"Independent Record" : "center",
"Indiana 105" : "center",
"Indiana Daily Student" : "center",
"Indiana Public Media" : "center",
"Indianapolis Business Journal" : "center",
"Indianapolis News Source" : "center",
"Indianapolis Recorder" : "center",
"Indy Online" : "center",
"Indy Week" : "left-center",
"IndyStar" : "center",
"InfoWars" : "right",
"Inforum" : "center",
"Inland Valley Daily Bulletin" : "center",
"Inside Higher Ed" : "left-center",
"Inside Philanthropy" : "center",
"InsiderNJ" : "left-center",
"Institute for Cultural Evolution" : "center",
"Intellectual Conservative" : "right-center",
"International Business Times" : "center",
"Investopedia" : "center",
"Investor's Business Daily" : "right-center",
"Iowa Capital Dispatch" : "center",
"Iowa Public Radio" : "center",
"Iowa State Daily" : "center",
"Iredell Free News" : "center",
"Irving Weekly" : "center",
"Issue One" : "center",
"JRL Charts" : "left",
"JSTOR Daily" : "center",
"Jackson Hole News&Guide" : "center",
"Jacobin" : "left",
"Jamestown Press" : "center",
"Jefferson City News Tribune" : "center",
"Jefferson Public Radio" : "center",
"Jersey Shore Online" : "center",
"Jewish Insider" : "center",
"Jezebel" : "left",
"JoeMyGod" : "left",
"Journal News" : "center",
"Journalist's Resource" : "center",
"Jubilee Media" : "left-center",
"Judicial Watch" : "right-center",
"Just Security" : "center",
"Just The News" : "right-center",
"K2 Radio" : "center",
"KAKE" : "center",
"KALW.org" : "center",
"KARE11" : "center",
"KARK" : "center",
"KARK 4 News" : "left-center",
"KATU" : "center",
"KBND" : "center",
"KBOI 2" : "center",
"KBZK 7" : "center",
"KCST" : "center",
"KDKA" : "center",
"KENS 5" : "center",
"KESQ 3" : "center",
"KETR" : "center",
"KEYC" : "center",
"KEYT" : "center",
"KFDA 10" : "center",
"KFGO" : "left-center",
"KFOR 4" : "center",
"KFOX 14" : "center",
"KFYR" : "center",
"KGAB AM 650" : "center",
"KGAN CBS 2" : "center",
"KGNS" : "center",
"KGUN" : "center",
"KGW 8" : "center",
"KHON 2" : "center",
"KICD" : "center",
"KIFI News 8" : "center",
"KING 5 News" : "center",
"KIRO 7" : "center",
"KITV 4" : "center",
"KIVI 6" : "center",
"KJZZ Fronteras" : "center",
"KLAS 8" : "center",
"KLIN" : "center",
"KMA Land" : "center",
"KMOV 4" : "center",
"KMVT" : "center",
"KNKX" : "center",
"KNSI Radio" : "center",
"KNWA" : "center",
"KOAA News 5" : "center",
"KOAT Action 7 News" : "center",
"KOB 4" : "center",
"KOCO 5" : "center",
"KOIN 6" : "center",
"KOLN" : "center",
"KOMO News" : "center",
"KOTA" : "center",
"KPLC" : "center",
"KQED" : "center",
"KRDO" : "center",
"KREM" : "center",
"KRGV 5" : "center",
"KRQE 13 News" : "center",
"KRTV 3" : "center",
"KSHB" : "center",
"KSL" : "center",
"KSLA" : "center",
"KSMU" : "left-center",
"KSN TV" : "center",
"KSRO" : "center",
"KSTP" : "center",
"KTBS" : "center",
"KTEN 10" : "right-center",
"KTLO" : "center",
"KTNV 13 Las Vegas" : "center",
"KTOO" : "center",
"KTSA" : "center",
"KTTC News" : "center",
"KTUL 8" : "center",
"KTVB 7" : "center",
"KTVE" : "center",
"KTVF" : "center",
"KTVQ 2" : "center",
"KTVZ 21" : "center",
"KUNM" : "center",
"KUOW" : "center",
"KUTV" : "center",
"KVOE" : "center",
"KVRR" : "center",
"KVRR News" : "center",
"KWCH" : "center",
"KWHI" : "center",
"KWIT" : "left-center",
"KWTX 10" : "center",
"KX News" : "center",
"KXII" : "center",
"Kane County Chronicle" : "center",
"Kansas Public Radio" : "center",
"Kansas Reflector" : "left-center",
"Kearney Hub" : "center",
"Keeping it Right" : "right",
"Keloland" : "center",
"Kennebec Journal" : "center",
"Kenosha News" : "center",
"Kent County Daily Times" : "center",
"Kent Island Bay Times" : "center",
"Kent Reporter" : "center",
"Kent Wired" : "left-center",
"Kentucky Gazette" : "center",
"Kentucky New Era" : "center",
"Kentucky Today" : "center",
"Kilgore News Herald" : "center",
"Kingsport Times-News" : "center",
"Knoxville News Sentinel" : "center",
"LA Sentinel" : "left",
"LGBTQ Nation" : "left",
"La Crosse Tribune" : "center",
"Lad Bible" : "center",
"Lake Highlands Advocate" : "center",
"Lancaster Online" : "center",
"Lansing State Journal" : "center",
"Laramie Boomerang" : "center",
"Laramie Live" : "center",
"Laredo Morning Times" : "left-center",
"Las Cruces Sun-News" : "center",
"Las Vegas Review-Journal" : "center",
"Las Vegas Sun" : "left-center",
"Latino Rebels" : "left",
"Law & Crime" : "center",
"Lawfare" : "center",
"Lawton Constitution" : "center",
"Leader Publications" : "center",
"Leader-Telegram" : "center",
"Leadership Now Project" : "center",
"Leafly" : "left",
"Leesburg Today" : "right-center",
"Lehigh Valley Live" : "left-center",
"Lewiston Sun Journal" : "center",
"Lewiston Tribune" : "center",
"Lexington Herald-Leader" : "center",
"Life After Hate" : "left-center",
"Lifehacker" : "center",
"Lima Ohio" : "center",
"Live 5 WCSC" : "center",
"Live Action News" : "right-center",
"Live Science" : "center",
"Liverpool Echo" : "center",
"Living Lutheran" : "center",
"Livingston Enterprise" : "center",
"Log Cabin" : "right",
"Logan Banner" : "center",
"London Evening Standard" : "center",
"Long Beach Press-Telegram" : "center",
"Longmont Times-Call" : "left-center",
"Longview News-Journal" : "center",
"Los Alamos Daily Post" : "center",
"Los Angeles Daily News" : "center",
"Los Angeles Times" : "left-center",
"Lost Coast Outpost" : "center",
"Louisiana Illuminator" : "left-center",
"Louisiana Radio Network" : "center",
"Lovell Chronicle" : "center",
"MIT News" : "center",
"MLT News" : "center",
"MLive.com" : "center",
"MNC News" : "center",
"MPR News" : "left-center",
"MSN (UK)" : "left-center",
"MSNBC" : "left",
"MTV News Online" : "left-center",
"Made in Alabama" : "center",
"Magic Valley News" : "center",
"Magnolia State Live" : "center",
"Main Street Nashville" : "center",
"Maine Beacon" : "left-center",
"Maine Public Radio" : "left-center",
"Malheur Enterprise" : "center",
"Manchester Evening News" : "center",
"Manhattan Institute" : "right-center",
"Mankato Free Press" : "left-center",
"Mansfield News Journal" : "center",
"Marijuana Moment" : "left-center",
"MarketWatch" : "center",
"Maryland Daily Record" : "left-center",
"Maryland Matters" : "left-center",
"Maryland Reporter" : "right-center",
"Mashable" : "left",
"MassLive.com" : "left-center",
"Maui Now News" : "center",
"McClatchyDC" : "center",
"McKenzie County Farmer" : "center",
"Meade County Messenger" : "center",
"Meaws" : "left-center",
"Media Matters" : "left",
"Media Research Center" : "right",
"Media Village" : "center",
"Mediaite" : "left-center",
"Mercatus Center" : "right-center",
"Meridian Magazine" : "right-center",
"Metro" : "left-center",
"Metro Philadelphia" : "left-center",
"Metro Weekly" : "left",
"Mexico Daily Post" : "center",
"Mexico News Daily" : "center",
"Miami Herald" : "left-center",
"MichelleMalkin.com" : "right",
"Michigan Advance" : "center",
"Michigan Chronicle" : "left-center",
"Michigan Daily" : "left-center",
"Michigan Public" : "center",
"MidWeek" : "center",
"Middle East Eye" : "left",
"Military Times" : "center",
"Millennial Action Project" : "center",
"Milwaukee Journal Sentinel" : "center",
"MinnPost" : "center",
"Minnesota Lawyer" : "center",
"Minnesota Monthly" : "center",
"Minnesota Native News" : "center",
"Minnesota News Network" : "center",
"Minnesota Public Radio" : "center",
"Minnesota Reformer" : "left",
"Minnesota Spokesman Reporter" : "center",
"Minnesota's New Country" : "center",
"Mises Institute" : "right-center",
"Misinformation Review" : "center",
"Mississippi Free Press" : "left-center",
"Mississippi Today" : "center",
"Mississippi Today News" : "left-center",
"Mississippi Valley Publishing" : "center",
"Missoulian" : "center",
"Missouri Independent" : "left-center",
"Missourinet" : "center",
"Mitú" : "left",
"Monadnock Ledger-Transcript" : "center",
"Monroe Sun" : "center",
"Montana Free Press" : "left-center",
"Montana Kaimin" : "center",
"Montana Right Now" : "center",
"Morgan Messenger" : "center",
"Morning Brew" : "left-center",
"Morning Star" : "left-center",
"Mother Jones" : "left",
"Mountain State Spotlight" : "center",
"Muscatine Journal" : "center",
"My Central Jersey" : "center",
"My Central Oregon" : "center",
"My Colorado Springs News" : "center",
"My High Plains KAMR" : "center",
"My Panhandle News" : "center",
"My Rye" : "center",
"My Wabash Valley" : "center",
"NAACP" : "left-center",
"NBC 10 Boston" : "left-center",
"NBC 12 WWBT" : "center",
"NBC 15 WMTV" : "center",
"NBC 29 WVIR" : "center",
"NBC 4 WCMH" : "center",
"NBC 5 Chicago" : "center",
"NBC 5 Plattsburgh" : "center",
"NBC 7 San Diego" : "left-center",
"NBC Connecticut" : "left-center",
"NBC Montana" : "center",
"NBC News Digital" : "left-center",
"NBC Today Show" : "left-center",
"NECN" : "right-center",
"NHPR" : "center",
"NJ Spotlight News" : "left-center",
"NMPolitics.net" : "center",
"NPR (Online News)" : "left-center",
"NPR (Opinion)" : "left-center",
"NPR Illinois" : "left-center",
"NPR Utah KUER" : "center",
"NTD" : "right-center",
"NYNMedia" : "left",
"Naples Daily News" : "center",
"Nashville Post" : "center",
"National Catholic Register" : "right",
"National Committee to Preserve Social Security and Medicare" : "left",
"National Conference of State Legislatures" : "center",
"National Constitution Center" : "center",
"National Federation of Independent Business" : "right-center",
"National Geographic" : "center",
"National Institute for Civil Discourse" : "center",
"National Interest" : "center",
"National Journal" : "center",
"National Post" : "right-center",
"National Review (News)" : "right-center",
"National Review (Opinion)" : "right",
"Nature.com" : "center",
"Nautilus Quarterly" : "center",
"Network for Responsible Public Policy" : "center",
"Nevada Appeal" : "center",
"Nevada Current" : "center",
"New Discourses" : "center",
"New Economy Working Group" : "left-center",
"New Hampshire Bulletin" : "center",
"New Hampshire Public Radio" : "center",
"New Hampshire Union Leader" : "center",
"New Haven Register" : "center",
"New Jersey Globe" : "center",
"New Jersey Hills Media Group" : "center",
"New Jersey Local News" : "center",
"New Jersey Monitor" : "left-center",
"New Mexico In Depth" : "center",
"New Orleans City Business" : "center",
"New Pittsburgh Courier" : "left",
"New Republic" : "left",
"New Rockford Transcript" : "center",
"New Statesman" : "left",
"New York Daily Gazette" : "center",
"New York Daily News" : "left",
"New York Focus" : "center",
"New York Magazine" : "left",
"New York Post (News)" : "right-center",
"New York Post (Opinion)" : "right",
"New York Times" : "left-center",
"New York Times (News)" : "left-center",
"New York Times (Opinion)" : "left",
"Newark Post" : "center",
"News & Citizen" : "center",
"News 12 Connecticut" : "center",
"News 12 New Jersey" : "center",
"News 4 Jax" : "center",
"News 8000" : "center",
"News 9 Oklahoma" : "center",
"News Center Maine" : "left-center",
"News Channel 6 Wichita Falls" : "center",
"News Dakota" : "center",
"News Letter Journal" : "center",
"News One" : "left-center",
"News Radio 1200 WOAI" : "center",
"News4SanAntonio" : "center",
"NewsBreak" : "left-center",
"NewsBusters" : "right",
"NewsNation" : "center",
"NewsOne" : "left",
"Newsday" : "center",
"Newsmax (News)" : "right",
"Newsmax (Opinion)" : "right",
"Newstimes" : "center",
"Newsweek" : "center",
"Newtrals" : "center",
"Nicholas Chronicle" : "center",
"Nieman Lab" : "center",
"No Labels" : "center",
"Norfolk Daily News" : "center",
"North Carolina Health News" : "left-center",
"North Country Public Radio" : "left-center",
"North Escambia News" : "center",
"North Jersey News" : "center",
"North Wright County Today" : "center",
"Northern Virginia Magazine" : "center",
"Northwest Arkansas Democrat Gazette" : "center",
"NowThis News" : "left-center",
"Nutfield News" : "center",
"OKC Friday" : "center",
"Oakland Press" : "center",
"Occupy Democrats" : "left",
"Odessa American" : "center",
"Ohio Capital Journal" : "left-center",
"Oil City News" : "center",
"OilPrice.com" : "center",
"Oklahoma Watch" : "center",
"Omaha World-Herald" : "center",
"One America News Network (OAN)" : "right",
"One Nation News" : "left-center",
"OpenSecrets.org" : "center",
"Orange County Register" : "right-center",
"Oregon Capital Chronicle" : "center",
"Oregon Capital Insider" : "center",
"Oregon Public Broadcasting" : "center",
"Orlando Sentinel" : "center",
"Ottumwa Courier" : "center",
"Ottumwa Post" : "center",
"Ouachita Citizen" : "center",
"Our.News" : "center",
"Out" : "left",
"Out In Jersey" : "left-center",
"OutKick" : "right-center",
"PBS NewsHour" : "left-center",
"PIX 11" : "center",
"PJ Media" : "right",
"PRI (Public Radio International)" : "center",
"Pacific Research Institute" : "right",
"Pacific Standard" : "left-center",
"Pahrump Valley Times" : "center",
"Paintsville Herald" : "center",
"Palestine Herald-Press" : "center",
"Palladium Magazine" : "center",
"Palm Beach News Central" : "center",
"Palm Springs Desert Sun" : "center",
"Panola Watchman" : "center",
"Park Record" : "center",
"Parkersburg News and Sentinel" : "center",
"Pasadena Now" : "center",
"Pasadena Star-News" : "center",
"Patch.com" : "center",
"Pea Ridge Times" : "center",
"Peacock Panache" : "left",
"Peak of Ohio" : "center",
"Peninsula Clarion" : "center",
"Penn Live" : "center",
"Pennsylvania Capital-Star" : "right-center",
"Pensacola News Journal" : "center",
"People" : "left-center",
"People for the American Way" : "left",
"Peoria Journal Star" : "center",
"Persuasion" : "center",
"Philadelphia Gay News" : "left-center",
"Phoenix New Times" : "center",
"Phys.org" : "center",
"Physicians for Life" : "right-center",
"Physicians for a National Health Program" : "left",
"PinkNews" : "left",
"Pioneer Press" : "center",
"Pittsburgh Post-Gazette" : "center",
"Pittsburgh Tribune-Review" : "center",
"Plainsman" : "center",
"Plaquemines Gazette" : "center",
"Political Empathy Project" : "center",
"Politico" : "left-center",
"PoliticsPA" : "left-center",
"PoliticusUSA" : "left",
"Pope County Tribune" : "center",
"Port Aransas South Jetty News" : "center",
"Portland Press Herald" : "center",
"Post Independent" : "center",
"Post Register" : "center",
"Post-Bulletin" : "center",
"Poughkeepsie Journal" : "center",
"Poynter" : "center",
"Prager University" : "right",
"Premier Christian News" : "left-center",
"ProPublica" : "left-center",
"Progressive Voices of Iowa" : "left",
"Project Veritas" : "right",
"Psych Central" : "center",
"Psychology Today" : "center",
"Public" : "center",
"Public News Service" : "center",
"Quartz" : "center",
"Queerty" : "left",
"Quillette" : "right-center",
"RAND Corporation" : "left-center",
"RT" : "right-center",
"Racket News" : "center",
"Radio Iowa" : "center",
"Rapid City Journal" : "center",
"Rasmussen Reports" : "right-center",
"Raw Story" : "left",
"Reading Eagle" : "center",
"RealClearPolitics" : "center",
"Realtor.com" : "center",
"Reason" : "right-center",
"Reason Foundation" : "right-center",
"Record Journal" : "center",
"Record-Courier" : "center",
"Red Lake Nation News" : "center",
"Red Racing Horses" : "right",
"RedState" : "right",
"Redlands Daily Facts" : "center",
"Refinery29" : "left",
"Register Citizen" : "left-center",
"Relevant Magazine" : "left-center",
"Religion News Service" : "center",
"Reno News & Review" : "center",
"Republican Party" : "right-center",
"Reuters" : "center",
"Revolver News" : "right",
"Richardson Today" : "center",
"Richland Source" : "center",
"Richmond Times Dispatch" : "right-center",
"Right Side News" : "right",
"Right Wing News" : "right",
"Ripon Commonwealth Press" : "center",
"Risen Magazine" : "center",
"Rockwall Herald Banner" : "center",
"Rogue River Press" : "center",
"Roll Call" : "center",
"RollingStone.com" : "left",
"Ruston Daily Leader" : "center",
"Rutland Herald" : "center",
"SCOTUSblog" : "center",
"SF Weekly" : "center",
"SFGATE" : "left-center",
"STAT" : "center",
"SW News 4 U" : "center",
"Salem News" : "center",
"Salina Journal" : "center",
"Salon" : "left",
"San Antonio Express-News" : "center",
"San Bernardino Sun" : "center",
"San Diego Union-Tribune" : "left-center",
"San Francisco Chronicle" : "left",
"San Gabriel Valley Tribune" : "center",
"San Jose Mercury News" : "left-center",
"San Juan Daily Star" : "left-center",
"Santa Fe New Mexican" : "center",
"Science Daily" : "center",
"Scientific American" : "left-center",
"Scottsbluff Star-Herald" : "center",
"Scriberr Media - News" : "center",
"Scriberr Media - Opinion/Editorial" : "right-center",
"Scripps News" : "center",
"Seacoast Online" : "center",
"Search for Common Ground" : "center",
"Searchlight New Mexico" : "center",
"Seattle Gay News" : "left-center",
"Seeds of Peace" : "center",
"Seeley Swan Pathfinder" : "center",
"Seguin Today" : "center",
"Semafor" : "left-center",
"Sentinel-Tribune" : "center",
"Seven Days News" : "center",
"Shore News Network" : "center",
"Shreveport Times" : "center",
"Silver City Daily Press" : "center",
"Siouxland Proud" : "center",
"Sky News" : "left-center",
"Sky-Hi Daily News" : "left-center",
"Slate" : "left",
"SmartHER News" : "center",
"SmartNews" : "left-center",
"Smerconish" : "center",
"Smithsonian Magazine" : "center",
"Soap Box Media Cincinnati" : "center",
"Socialist Alternative" : "left",
"Socialist Project/The Bullet" : "left",
"South Arkansas Sun" : "center",
"South Bend Tribune" : "center",
"South Carolina Public Radio" : "center",
"South China Morning Post" : "center",
"South Dakota News Watch" : "center",
"South Florida Gay News" : "left-center",
"Southeast Missourian" : "center",
"Southern Minnesota News" : "center",
"Southern Poverty Law Center" : "left",
"Southern Utah News" : "center",
"Southwest Arkansas Radio" : "center",
"Sparks Tribune" : "center",
"Spectrum Bay News 9" : "center",
"Spectrum News NY1" : "center",
"Spiked" : "right-center",
"Splinter" : "left",
"Spokesman Review" : "left-center",
"Spot On Alabama" : "center",
"Spot On Florida" : "center",
"Spot On Illinois" : "center",
"Spotlight PA" : "center",
"Springfield Daily Citizen" : "center",
"Springfield News-Leader" : "center",
"Springfield News-Sun" : "center",
"St George News" : "center",
"St. Augustine Record" : "center",
"St. Cloud Times" : "left-center",
"St. George News" : "center",
"St. Joseph News-Press" : "center",
"St. Louis Call Newspapers" : "center",
"St. Louis Post-Dispatch" : "center",
"St. Louis Riverfront Times" : "left-center",
"Stamford Advocate" : "center",
"StandAmerica" : "right",
"Star Beacon" : "center",
"Star Democrat" : "center",
"Star Tribune" : "left-center",
"Stars and Stripes" : "center",
"Starved Rock Media" : "center",
"State Journal" : "left-center",
"Staten Island Advance" : "center",
"Statesman Journal" : "center",
"Stillwater Gazette" : "center",
"Storm Lake Times" : "center",
"StoryCorps" : "allsides",
"Straight Arrow News" : "center",
"Students For Life" : "right-center",
"Subverse" : "center",
"Sun Herald" : "center",
"Sun Sentinel" : "center",
"Superior Telegram" : "center",
"Sweetwater Now" : "center",
"THV11" : "center",
"Tablet Mag" : "right-center",
"Tabor-Loris Tribune" : "center",
"Taipei Times" : "center",
"Talk TV" : "left-center",
"Tallahassee Democrat" : "center",
"Tampa Bay Times" : "center",
"Tangle" : "center",
"Tech Xplore" : "center",
"TechCrunch" : "center",
"Teen Vogue" : "left",
"Telegram & Gazette" : "center",
"Tennessee Lookout" : "left-center",
"Texas Insider" : "center",
"Texas Monthly" : "center",
"Texas Signal" : "left",
"Texas Standard" : "center",
"Texomas Homepage KFDX 3" : "center",
"The Ada News" : "center",
"The Advocate" : "center",
"The Advocate-Messenger" : "left-center",
"The Alaska Landmine" : "center",
"The Amarillo Pioneer" : "center",
"The American Conservative" : "right",
"The American Mind" : "right-center",
"The American Spectator" : "right",
"The Anniston Star" : "center",
"The Appeal" : "center",
"The Arab American News" : "center",
"The Ardmoreite" : "center",
"The Atlanta Voice" : "left-center",
"The Atlantic" : "left",
"The Augusta Press" : "center",
"The Austin Chronicle" : "left",
"The Baltimore Banner" : "center",
"The Bellows" : "center",
"The Bemidji Pioneer" : "center",
"The Bend Bulletin" : "center",
"The Berkshire Eagle" : "center",
"The Berkshire Edge" : "center",
"The Bismarck Tribune" : "center",
"The Black Detour" : "center",
"The Blade" : "center",
"The Blaze" : "right",
"The Block Charlotte" : "left-center",
"The Boston Globe" : "left",
"The Bradford Era" : "center",
"The Brazilian Report" : "center",
"The Buffalo News" : "center",
"The Bulwark" : "right-center",
"The Business Journals" : "center",
"The Business Times" : "center",
"The Cadiz Record" : "left-center",
"The Californian" : "center",
"The Canyon County Zephyr" : "left",
"The Carolina Journal" : "right-center",
"The Catalyst" : "right-center",
"The Center Square" : "right-center",
"The Center Square - Michigan" : "center",
"The Center for American Progress" : "left-center",
"The Charlotte Post" : "left-center",
"The Cheyenne Post" : "center",
"The Christian Century" : "left-center",
"The Christian Left Blog" : "left",
"The Christian Post" : "right-center",
"The City" : "left-center",
"The Clarion-Ledger" : "center",
"The Colebrook Chronicle" : "center",
"The College Fix" : "right",
"The Colorado Sun" : "left-center",
"The Columbian" : "center",
"The Columbus Dispatch" : "center",
"The Commercial Appeal" : "left-center",
"The Connection Newspapers" : "center",
"The Conscious Conservative" : "right",
"The Conversation" : "left-center",
"The Corpus Christi Caller-Times" : "center",
"The Courier-Journal" : "left-center",
"The Courier-Tribune" : "center",
"The Cradle" : "left-center",
"The Cross Timbers Gazette" : "center",
"The Current" : "center",
"The Daily Advance" : "center",
"The Daily Caller" : "right",
"The Daily Dot" : "left-center",
"The Daily Herald" : "center",
"The Daily Iberian" : "center",
"The Daily Iowan" : "center",
"The Daily Nebraskan" : "center",
"The Daily News Newburyport" : "center",
"The Daily Nonpareil" : "center",
"The Daily Signal" : "right",
"The Daily Wire" : "right",
"The Daily Yonder" : "center",
"The Dakotan" : "right-center",
"The Dallas Morning News" : "center",
"The Damage Report" : "left",
"The Day" : "center",
"The Deerfield Valley News" : "center",
"The Delaware County Daily Times" : "left-center",
"The Delaware Wave" : "center",
"The Denver Gazette" : "center",
"The Denver North Star" : "center",
"The Denver Post" : "center",
"The Derrick" : "center",
"The Dispatch" : "right-center",
"The East Valley Tribune" : "center",
"The Eastern New Mexico News" : "center",
"The Economist" : "left-center",
"The Ellsworth American" : "center",
"The Epoch Times" : "right-center",
"The Federalist" : "right",
"The Flip Side" : "allsides",
"The Florida Capital Star" : "right",
"The Forum of Fargo-Moorhead" : "center",
"The Forward" : "left-center",
"The Free Lance–Star" : "center",
"The Free Press" : "center",
"The Freestone County Times" : "center",
"The Fulcrum" : "center",
"The Garden Island" : "center",
"The Gateway Pundit" : "right",
"The Georgia Star News" : "right",
"The Georgia Sun" : "center",
"The Georgia Virtue" : "center",
"The Gilmer Mirror" : "center",
"The Globe and Mail" : "center",
"The Grio" : "left-center",
"The Guardian" : "left-center",
"The Hankyoreh" : "left",
"The Hardwood Institiute" : "center",
"The Herald Banner" : "center",
"The Herald Bulletin" : "center",
"The Herald News" : "center",
"The Heritage Foundation" : "right",
"The HighWire" : "right-center",
"The Hill" : "center",
"The Hollywood Reporter" : "left-center",
"The Huntsville Item" : "center",
"The Hutchinson News" : "center",
"The Imaginative Conservative" : "right",
"The Independent" : "left-center",
"The Indiana Gazette" : "center",
"The Intercept" : "left",
"The Iowa Torch" : "right-center",
"The Irish Times" : "center",
"The Jackson Sun" : "center",
"The Japan Times" : "center",
"The Jerusalem Post" : "center",
"The Jolt News Organization" : "center",
"The Joplin Globe" : "center",
"The Journal Gazette" : "center",
"The Journal Times" : "center",
"The Journal of the San Juan Islands" : "center",
"The Juggernaut" : "left",
"The Justice" : "left-center",
"The Kansas City Beacon" : "center",
"The Kansas City Star" : "center",
"The Kentucky Daily" : "center",
"The Keystone" : "left-center",
"The Korea Herald" : "center",
"The Kyiv Independent" : "center",
"The Leaf-Chronicle" : "center",
"The Libertarian Republic" : "right-center",
"The Lincoln County News" : "center",
"The Lincoln Project" : "allsides",
"The Louisiana Weekly" : "center",
"The Lowndes Signal" : "center",
"The Lufkin Daily News" : "center",
"The Maine Monitor" : "left-center",
"The Maine Wire" : "right",
"The Maneater" : "left-center",
"The Manila Times" : "center",
"The Marietta Times" : "center",
"The Markup" : "center",
"The Marshall News Messenger" : "center",
"The Marshall Project" : "center",
"The Martha's Vineyard Times" : "center",
"The Maui News" : "center",
"The McLeod County Chronicle" : "center",
"The Messenger" : "center",
"The Michigan Star" : "right",
"The Middletown Press" : "left-center",
"The Minnesota Daily" : "left-center",
"The Minority Eye" : "left",
"The Mirror" : "left",
"The Mississippi Link" : "left-center",
"The Mon Valley Independent" : "center",
"The Monmouth Journal Eastern" : "center",
"The Montana Standard" : "center",
"The Narratives Project" : "center",
"The Nation" : "left",
"The National Pulse" : "right",
"The Nevada Globe" : "right-center",
"The Nevada Independent" : "center",
"The New York Sun" : "right",
"The New Yorker" : "left",
"The Newport Daily News" : "center",
"The News & Observer" : "center",
"The News Journal" : "center",
"The News Tribune" : "center",
"The News-Herald" : "center",
"The Nome Nugget" : "center",
"The Northern Virginia Daily" : "center",
"The Oaklandside" : "center",
"The Observer" : "center",
"The Observer (New York)" : "center",
"The Oklahoman" : "center",
"The Olympian" : "center",
"The Onion (Humor)" : "left-center",
"The Oracle" : "center",
"The Oregonian" : "center",
"The Palm Beach Post" : "center",
"The Pantagraph" : "center",
"The Patriot Ledger" : "center",
"The Patriot Post" : "right",
"The Patriot-News" : "center",
"The Penobscot Times" : "center",
"The Philadelphia Inquirer" : "left-center",
"The Philadelphia Sunday Sun" : "center",
"The Philly Tribune" : "left",
"The Police Tribune" : "right-center",
"The Portsmouth Herald" : "center",
"The Post Millennial" : "right",
"The Post and Courier" : "right-center",
"The Post-Star" : "center",
"The Presbyterian Outlook" : "left-center",
"The Prescott Times" : "center",
"The Press of Atlantic City" : "center",
"The Press-Enterprise" : "right-center",
"The Problem Solvers Caucus" : "center",
"The Providence Journal" : "center",
"The Provincetown Independent" : "center",
"The Reading Eagle" : "center",
"The Red and Black" : "center",
"The Register-Guard" : "center",
"The Reliable Bias" : "center",
"The Reno Gazette-Journal" : "left-center",
"The Reporters Committee for Freedom of the Press" : "center",
"The Republic News" : "center",
"The Republican" : "center",
"The Republican Journal" : "right-center",
"The Resurgent" : "right",
"The Richfield Reaper" : "center",
"The Ripon Advance" : "right-center",
"The Roanoke Times" : "center",
"The Root" : "left-center",
"The Sacramento Bee" : "left-center",
"The Salt Lake Tribune" : "left-center",
"The San Francisco Standard" : "center",
"The Saturday Evening Post" : "center",
"The Seattle Times" : "center",
"The Sierra Club" : "left-center",
"The South African" : "center",
"The Southern Maryland Chronicle" : "left-center",
"The Spectator World" : "right",
"The State" : "center",
"The State Journal-Register" : "center",
"The Steamboat Institute" : "right-center",
"The Sun" : "center",
"The Sun News" : "center",
"The Telegraph - UK" : "right-center",
"The Tennessean" : "center",
"The Texan" : "right-center",
"The Texas Observer" : "left-center",
"The Texas Tribune" : "left-center",
"The Times" : "center",
"The Times Herald" : "center",
"The Times and Democrat" : "center",
"The Times of Israel" : "center",
"The Times of Northwest Indiana" : "center",
"The Times-Independent" : "center",
"The Times-Picayune" : "center",
"The TimesDaily" : "center",
"The Topeka Capital-Journal" : "center",
"The Trentonian" : "center",
"The Triton" : "center",
"The Verge" : "left-center",
"The Vindicator" : "center",
"The Virginia Gazette" : "center",
"The Virginian-Pilot" : "center",
"The Walsh County Record" : "center",
"The Washington Informer" : "left-center",
"The Washington Sun" : "center",
"The Week - News" : "left-center",
"The Week - Opinion" : "left-center",
"The Weekly Packet" : "center",
"The Weekly Standard" : "right",
"The Weirton Daily Times" : "center",
"The Westerly Sun" : "center",
"The Western Journal" : "right",
"The Wichita Eagle" : "center",
"The Winchester Star" : "center",
"The World Link" : "center",
"The Wyoming Tribune Eagle" : "center",
"The Young Turks" : "left",
"TheGailyGrind" : "left",
"Them" : "left-center",
"ThinkProgress" : "left",
"This Week in Worcester" : "center",
"Tiffin Ohio News" : "left-center",
"Timber Lake Topic" : "center",
"Time Magazine" : "left-center",
"Times Argus" : "center",
"Times Leader" : "center",
"Times Standard" : "center",
"Times Union" : "center",
"Times-Georgian" : "center",
"Todays Chronic" : "left-center",
"Toronto Star" : "center",
"Town Square Deleware" : "center",
"Townhall" : "right",
"Trains.com" : "center",
"Trans Writes" : "left-center",
"Tri-City Herald" : "center",
"Truckers News" : "center",
"TruthOut" : "left-center",
"Truthdig" : "left",
"Tulsa World" : "center",
"Turning Point USA" : "right",
"Tuscaloosa News" : "center",
"Twin Cities PBS" : "center",
"Twin Cities Pioneer Press" : "center",
"Twin City Times" : "center",
"Tyler Morning Telegraph" : "center",
"U.S. News & World Report" : "left-center",
"USA TODAY" : "left-center",
"UnHerd" : "center",
"United Methodist Insight" : "left",
"United Methodist News" : "left-center",
"United Press International" : "center",
"Univision" : "left-center",
"Unusual Whales" : "center",
"Up North News Wisconsin" : "left-center",
"Upper Michigans Source" : "center",
"Upward News" : "right-center",
"Upworthy" : "left",
"Urban Institute" : "left-center",
"Utica Observer Dispatch" : "center",
"VT Digger" : "center",
"Valley News" : "center",
"Valley News Live" : "center",
"Vanderbilt Project on Unity and American Democracy" : "center",
"Vanity Fair" : "left-center",
"Variety" : "left-center",
"Vatican News" : "right-center",
"Vermont Public" : "center",
"Vermont Standard" : "center",
"Vice" : "left",
"Virginia Business" : "center",
"Virginia Center for Investigative Journalism" : "left-center",
"Virginia Mercury" : "center",
"Virtue Online" : "right",
"Vogue" : "left",
"Voice of America (VOA)" : "center",
"Volante" : "center",
"Vote Smart" : "center",
"Votebeat" : "center",
"Votebeat Arizona" : "center",
"Vox" : "left",
"WABI 5" : "center",
"WAFB 9" : "center",
"WAGM 8" : "center",
"WANDTV" : "center",
"WANE 15" : "center",
"WATD" : "center",
"WBAL 11" : "center",
"WBAY 2" : "center",
"WBBJ 7 Eyewitness News" : "center",
"WBIR 10" : "center",
"WBKO 13" : "center",
"WBOC Delaware" : "center",
"WBOY 12" : "center",
"WBUR" : "center",
"WCAI" : "left-center",
"WCAX 3" : "center",
"WCBD 2" : "center",
"WCIA" : "center",
"WCPO 9" : "center",
"WCPT" : "left-center",
"WCVB" : "center",
"WDEL" : "center",
"WDIO" : "center",
"WDIV 4 Click On Detroit" : "center",
"WDIY" : "center",
"WDSU" : "center",
"WDTN 2" : "center",
"WDTV 5" : "center",
"WEHT/WTVW" : "center",
"WEMU" : "center",
"WESA" : "center",
"WESH 2" : "center",
"WFAE" : "center",
"WFLA" : "center",
"WFMZ 69" : "center",
"WFSB" : "center",
"WFSU" : "center",
"WFYI" : "left-center",
"WGAL 8" : "center",
"WGBH" : "center",
"WGME 13" : "center",
"WGN" : "center",
"WGVU" : "center",
"WHBC 1480" : "center",
"WHDH 7" : "center",
"WHIO 7" : "center",
"WHNT 19" : "center",
"WHO Radio 1040" : "center",
"WHOP" : "center",
"WHRO Public Media" : "left-center",
"WHYY" : "center",
"WIBW 13" : "center",
"WILX 10" : "center",
"WIS 10" : "center",
"WITN" : "center",
"WIVB 4" : "center",
"WIZM" : "center",
"WJAR 10" : "center",
"WJCT News" : "center",
"WJHG" : "center",
"WJON" : "center",
"WJTV 12" : "center",
"WKAR" : "center",
"WKBN 27" : "center",
"WKRC 12" : "center",
"WKRN News 2" : "center",
"WKTN" : "center",
"WKTV 2" : "center",
"WKYC 3" : "center",
"WKYT" : "center",
"WLBT 3" : "center",
"WLNS" : "center",
"WLOX 13" : "center",
"WMAR 2" : "center",
"WMNF" : "left-center",
"WMTW 8" : "center",
"WND" : "right",
"WNDU 16" : "center",
"WNKY 40" : "center",
"WNYC" : "left-center",
"WOAI 4" : "center",
"WOIO 19" : "center",
"WOOD 8" : "center",
"WOWK 13" : "center",
"WPKY" : "center",
"WPRI 12" : "center",
"WPXI" : "center",
"WRAL" : "center",
"WRBI Radio" : "center",
"WRDE" : "center",
"WRDW" : "center",
"WRFA" : "center",
"WRKF" : "left-center",
"WSAZ 3" : "center",
"WSFA 12" : "center",
"WTAJ" : "center",
"WTKR 3" : "center",
"WTMJ 4 Milwaukee" : "center",
"WTNH" : "center",
"WTOL 11" : "center",
"WTOP" : "center",
"WTRF" : "center",
"WTRF 7" : "center",
"WTTW" : "center",
"WTVB" : "center",
"WTVR 6" : "center",
"WV Metro News" : "center",
"WV News" : "center",
"WVEC 13" : "center",
"WVNS 59" : "center",
"WVNews.com" : "center",
"WVPE" : "left-center",
"WWAY 3" : "center",
"WXOW" : "left-center",
"WYO 4" : "center",
"WYSO Public Radio" : "center",
"WZFG The Flag" : "center",
"Waco Tribune-Herald" : "center",
"Wake Up to Politics" : "center",
"Wall Street Journal (News)" : "center",
"Wall Street Journal (Opinion)" : "right-center",
"Washington Blade" : "left-center",
"Washington City Paper" : "center",
"Washington County Insider" : "center",
"Washington Diplomat" : "center",
"Washington Examiner" : "right-center",
"Washington Free Beacon" : "right",
"Washington Monthly" : "left-center",
"Washington Post" : "left-center",
"Washington Times" : "right-center",
"Watchdog.org" : "right-center",
"Watertown Public Opinion" : "center",
"Weatherford Democrat" : "center",
"West Hawaii Today" : "center",
"West Texas Tribune" : "center",
"West Virginia Public Broadcasting" : "center",
"Weston Democrat" : "center",
"Whatfinger News" : "right",
"Whitehouse.gov" : "left-center",
"Whittier Daily News" : "center",
"Wicked Local" : "center",
"Williamson Herald" : "center",
"Winona Daily" : "center",
"Winona Times" : "center",
"Wired" : "center",
"Wis Politics" : "center",
"Wisconsin Examiner" : "left-center",
"Wisconsin Gazette" : "left-center",
"Wisconsin Law Journal" : "center",
"Wisconsin Public Radio" : "center",
"Wisconsin Rapids Tribune" : "center",
"Wisconsin State Journal" : "center",
"Wisconsin Watch" : "left-center",
"Wish TV" : "center",
"World Magazine" : "right",
"World Wildlife" : "center",
"Worthy News" : "center",
"Wrangell Sentinel" : "center",
"WyoFile" : "right-center",
"Wyoming News Now" : "center",
"Wyoming Public Media" : "left-center",
"Yahoo News" : "left-center",
"Yahoo! The 360" : "center",
"Yakima Herald-Republic" : "center",
"Yes! Magazine" : "left",
"York Dispatch" : "center",
"Your Sun" : "center",
"YourErie.com" : "center",
"Yuma Sun" : "center",
"ZeroHedge" : "right-center",
"i" : "center",
"nj.com" : "center",
"northcentralpa.com" : "center",
"redefinED" : "center",
"theSkimm" : "left-center"
}
